label,a,a_err,b,b_err
all npoms,5.16,0.03535,0.8517,0.001539
$N = 8$,5.234,0.03556,0.8468,0.001559
$N = 7$,5.295,0.03575,0.8426,0.001577
$N = 6$,5.396,0.03605,0.8353,0.001609
$N = 5$,5.554,0.03655,0.8235,0.00166
$N = 4$,5.793,0.0373,0.8041,0.001742
$N = 3$,6.163,0.03842,0.7701,0.001872
$N = 2$,6.697,0.04013,0.7063,0.002095
$N = 1$,7.204,0.04293,0.5788,0.002549
